<?xml version="1.0" encoding="UTF-8"?>
<project-private xmlns="http://www.netbeans.org/ns/project-private/1">
    <editor-bookmarks xmlns="http://www.netbeans.org/ns/editor-bookmarks/2" lastBookmarkId="0"/>
    <open-files xmlns="http://www.netbeans.org/ns/projectui-open-files/2">
        <group>
            <file>file:/C:/Users/Aluno/Desktop/ProjetoProduto/src/java/br/com/projetoproduto/controller/ListarProduto.java</file>
            <file>file:/C:/Users/Aluno/Desktop/ProjetoProduto/src/java/br/com/projetoproduto/controller/CadastrarProduto.java</file>
            <file>file:/C:/Users/Aluno/Desktop/ProjetoProduto/web/index.jsp</file>
            <file>file:/C:/Users/Aluno/Desktop/ProjetoProduto/src/java/br/com/projetoproduto/util/bdproduto.sql</file>
            <file>file:/C:/Users/Aluno/Desktop/ProjetoProduto/src/java/br/com/projetoproduto/dao/ProdutoDAOImpl.java</file>
            <file>file:/C:/Users/Aluno/Desktop/ProjetoProduto/src/java/br/com/projetoproduto/util/ConnectionFactory.java</file>
        </group>
    </open-files>
</project-private>
