<?xml version="1.0" encoding="UTF-8"?>
<project-private xmlns="http://www.netbeans.org/ns/project-private/1">
    <editor-bookmarks xmlns="http://www.netbeans.org/ns/editor-bookmarks/2" lastBookmarkId="0"/>
    <open-files xmlns="http://www.netbeans.org/ns/projectui-open-files/2">
        <group>
            <file>file:/C:/Users/Aluno/Desktop/ProjetoPessoa/src/java/br/com/projetopessoa/dao/PessoaDAOImpl.java</file>
            <file>file:/C:/Users/Aluno/Desktop/ProjetoPessoa/src/java/br/com/projetopessoa/model/Pessoa.java</file>
            <file>file:/C:/Users/Aluno/Desktop/ProjetoPessoa/web/index.jsp</file>
            <file>file:/C:/Users/Aluno/Desktop/ProjetoPessoa/web/cadastrarpessoa.jsp</file>
            <file>file:/C:/Users/Aluno/Desktop/ProjetoPessoa/src/java/br/com/projetopessoa/util/ConnectionFactory.java</file>
            <file>file:/C:/Users/Aluno/Desktop/ProjetoPessoa/src/java/br/com/projetopessoa/controller/CadastrarPessoa.java</file>
        </group>
    </open-files>
</project-private>
